{
    "sessionSummary": {
        "type": "text",
        "label": "Session Summary",
        "value": "Today's Goal: Be Productive!",
        "group": "Streamer Tasks"
    },
    "streamerTask1": {
        "type": "text",
        "label": "Task 1",
        "value": "Set up the stream",
        "group": "Streamer Tasks"
    },
    "streamerTask2": {
        "type": "text",
        "label": "Task 2",
        "value": "Code for 2 hours",
        "group": "Streamer Tasks"
    },
    "streamerTask3": {
        "type": "text",
        "label": "Task 3",
        "value": "Review viewer tasks",
        "group": "Streamer Tasks"
    },
    "streamerTask4": {
        "type": "text",
        "label": "Task 4",
        "value": "",
        "group": "Streamer Tasks"
    },
    "streamerTask5": {
        "type": "text",
        "label": "Task 5",
        "value": "",
        "group": "Streamer Tasks"
    },
    "tier1Threshold": {
        "type": "number",
        "label": "Tier 1 Points Threshold",
        "value": 3,
        "group": "Progress & Limits"
    },
    "tier2Threshold": {
        "type": "number",
        "label": "Tier 2 Points Threshold",
        "value": 7,
        "group": "Progress & Limits"
    },
    "tier3Threshold": {
        "type": "number",
        "label": "Tier 3 Points Threshold",
        "value": 12,
        "group": "Progress & Limits"
    },
    "viewerTaskLimit": {
        "type": "number",
        "label": "Active Viewer Task Limit",
        "value": 3,
        "group": "Progress & Limits"
    },
    "theme": {
        "type": "dropdown",
        "label": "Theme",
        "value": "theme-1",
        "group": "Customization",
        "options": {
            "theme-1": "Default",
            "theme-2": "Ocean",
            "theme-3": "Sunset",
            "theme-4": "Pastel",
            "theme-5": "Midnight"
        }
    }
}
